genome,secondary_cluster,threshold,cluster_method,comparison_algorithm,primary_cluster
C04M3_hifiasm_r63_complete.16.fa.gz,1_1,0.020000000000000018,average,fastANI,1
C04M3_subsampled_20Gb_Hybrid_bin.16.fa.gz,1_1,0.020000000000000018,average,fastANI,1
C04M3_subsampled_20Gb_bin.17.fa.gz,1_1,0.020000000000000018,average,fastANI,1
C04M3_subsampled_40Gb_bin.98.fa.gz,1_1,0.020000000000000018,average,fastANI,1
C13F5_hifiasm_r63_complete.55.fa.gz,1_1,0.020000000000000018,average,fastANI,1
C13F5_subsampled_20Gb_Hybrid_bin.46.fa.gz,1_1,0.020000000000000018,average,fastANI,1
C13F5_subsampled_20Gb_bin.50.fa.gz,1_1,0.020000000000000018,average,fastANI,1
C13F5_subsampled_40Gb_bin.23.fa.gz,1_1,0.020000000000000018,average,fastANI,1
C04M3_hifiasm_r63_complete.13.fa.gz,2_1,0.020000000000000018,average,fastANI,2
C04M3_subsampled_20Gb_Hybrid_bin.43.fa.gz,2_1,0.020000000000000018,average,fastANI,2
C04M3_subsampled_20Gb_bin.75.fa.gz,2_1,0.020000000000000018,average,fastANI,2
C04M3_subsampled_40Gb_bin.14.fa.gz,2_1,0.020000000000000018,average,fastANI,2
C13F5_hifiasm_r63_complete.36.fa.gz,2_1,0.020000000000000018,average,fastANI,2
C13F5_subsampled_20Gb_Hybrid_bin.71.fa.gz,2_1,0.020000000000000018,average,fastANI,2
C13F5_subsampled_20Gb_bin.68.fa.gz,2_1,0.020000000000000018,average,fastANI,2
C13F5_subsampled_40Gb_bin.64.fa.gz,2_1,0.020000000000000018,average,fastANI,2
C04M3_subsampled_20Gb_Hybrid_bin.69.fa.gz,3_1,0.020000000000000018,average,fastANI,3
C13F5_subsampled_20Gb_Hybrid_bin.59.fa.gz,3_1,0.020000000000000018,average,fastANI,3
C13F5_subsampled_40Gb_bin.18.fa.gz,3_1,0.020000000000000018,average,fastANI,3
C04M3_hifiasm_r63_semibin2_1.fa.gz,4_1,0.020000000000000018,average,fastANI,4
C04M3_subsampled_20Gb_Hybrid_bin.65.fa.gz,4_1,0.020000000000000018,average,fastANI,4
C04M3_subsampled_20Gb_bin.37.fa.gz,4_1,0.020000000000000018,average,fastANI,4
C04M3_subsampled_40Gb_bin.36.fa.gz,4_1,0.020000000000000018,average,fastANI,4
C04M3_hifiasm_r63_complete.113.fa.gz,5_1,0.020000000000000018,average,fastANI,5
C04M3_subsampled_20Gb_Hybrid_bin.88.fa.gz,5_1,0.020000000000000018,average,fastANI,5
C04M3_subsampled_20Gb_bin.74.fa.gz,5_1,0.020000000000000018,average,fastANI,5
C04M3_subsampled_40Gb_bin.76.fa.gz,5_1,0.020000000000000018,average,fastANI,5
C13F5_hifiasm_r63_complete.84.fa.gz,5_1,0.020000000000000018,average,fastANI,5
C13F5_subsampled_20Gb_Hybrid_bin.79.fa.gz,5_1,0.020000000000000018,average,fastANI,5
C13F5_subsampled_20Gb_bin.2.fa.gz,5_1,0.020000000000000018,average,fastANI,5
C13F5_subsampled_40Gb_bin.75.fa.gz,5_1,0.020000000000000018,average,fastANI,5
C04M3_subsampled_40Gb_bin.16.fa.gz,6_0,0.020000000000000018,average,fastANI,6
C04M3_hifiasm_r63_semibin2_21.fa.gz,7_1,0.020000000000000018,average,fastANI,7
C04M3_subsampled_20Gb_Hybrid_bin.82.fa.gz,7_1,0.020000000000000018,average,fastANI,7
C04M3_subsampled_20Gb_bin.18.fa.gz,7_1,0.020000000000000018,average,fastANI,7
C04M3_subsampled_40Gb_bin.88.fa.gz,7_1,0.020000000000000018,average,fastANI,7
C13F5_subsampled_20Gb_Hybrid_bin.4.fa.gz,7_1,0.020000000000000018,average,fastANI,7
C13F5_subsampled_20Gb_bin.26.fa.gz,7_1,0.020000000000000018,average,fastANI,7
C04M3_hifiasm_r63_complete.94.fa.gz,8_1,0.020000000000000018,average,fastANI,8
C04M3_subsampled_20Gb_Hybrid_bin.79.fa.gz,8_1,0.020000000000000018,average,fastANI,8
C04M3_subsampled_20Gb_bin.55.fa.gz,8_1,0.020000000000000018,average,fastANI,8
C04M3_subsampled_40Gb_bin.35.fa.gz,8_1,0.020000000000000018,average,fastANI,8
C13F5_subsampled_20Gb_Hybrid_bin.74.fa.gz,8_1,0.020000000000000018,average,fastANI,8
C13F5_subsampled_20Gb_bin.61.fa.gz,8_1,0.020000000000000018,average,fastANI,8
C13F5_subsampled_40Gb_bin.6.fa.gz,8_1,0.020000000000000018,average,fastANI,8
C04M3_hifiasm_r63_metabat2.138.fa.gz,9_1,0.020000000000000018,average,fastANI,9
C04M3_subsampled_20Gb_Hybrid_bin.73.fa.gz,9_1,0.020000000000000018,average,fastANI,9
C04M3_subsampled_20Gb_bin.3.fa.gz,9_1,0.020000000000000018,average,fastANI,9
C04M3_subsampled_40Gb_bin.84.fa.gz,9_1,0.020000000000000018,average,fastANI,9
C13F5_subsampled_20Gb_Hybrid_bin.47.fa.gz,9_1,0.020000000000000018,average,fastANI,9
C13F5_subsampled_20Gb_bin.51.fa.gz,9_1,0.020000000000000018,average,fastANI,9
C13F5_subsampled_40Gb_bin.55.fa.gz,9_1,0.020000000000000018,average,fastANI,9
C13F5_subsampled_20Gb_Hybrid_bin.51.fa.gz,10_1,0.020000000000000018,average,fastANI,10
C13F5_subsampled_20Gb_bin.55.fa.gz,10_1,0.020000000000000018,average,fastANI,10
C13F5_subsampled_40Gb_bin.31.fa.gz,10_1,0.020000000000000018,average,fastANI,10
C04M3_hifiasm_r63_metabat2.155.fa.gz,11_1,0.020000000000000018,average,fastANI,11
C04M3_subsampled_20Gb_Hybrid_bin.70.fa.gz,11_1,0.020000000000000018,average,fastANI,11
C04M3_subsampled_20Gb_bin.1.fa.gz,11_1,0.020000000000000018,average,fastANI,11
C04M3_subsampled_40Gb_bin.1.fa.gz,11_1,0.020000000000000018,average,fastANI,11
C13F5_hifiasm_r63_complete.37.fa.gz,11_1,0.020000000000000018,average,fastANI,11
C13F5_subsampled_20Gb_Hybrid_bin.67.fa.gz,11_1,0.020000000000000018,average,fastANI,11
C13F5_subsampled_20Gb_bin.20.fa.gz,11_1,0.020000000000000018,average,fastANI,11
C13F5_subsampled_40Gb_bin.20.fa.gz,11_1,0.020000000000000018,average,fastANI,11
C04M3_hifiasm_r63_metabat2.167.fa.gz,12_1,0.020000000000000018,average,fastANI,12
C04M3_subsampled_20Gb_Hybrid_bin.12.fa.gz,12_1,0.020000000000000018,average,fastANI,12
C04M3_subsampled_20Gb_bin.41.fa.gz,12_1,0.020000000000000018,average,fastANI,12
C04M3_subsampled_40Gb_bin.97.fa.gz,12_1,0.020000000000000018,average,fastANI,12
C13F5_hifiasm_r63_complete.3.fa.gz,12_1,0.020000000000000018,average,fastANI,12
C13F5_subsampled_20Gb_Hybrid_bin.39.fa.gz,12_1,0.020000000000000018,average,fastANI,12
C13F5_subsampled_20Gb_bin.42.fa.gz,12_1,0.020000000000000018,average,fastANI,12
C13F5_subsampled_40Gb_bin.59.fa.gz,12_1,0.020000000000000018,average,fastANI,12
C04M3_hifiasm_r63_semibin2_30.fa.gz,13_1,0.020000000000000018,average,fastANI,13
C04M3_subsampled_20Gb_Hybrid_bin.33.fa.gz,13_1,0.020000000000000018,average,fastANI,13
C04M3_subsampled_20Gb_bin.13.fa.gz,13_1,0.020000000000000018,average,fastANI,13
C04M3_subsampled_40Gb_bin.90.fa.gz,13_1,0.020000000000000018,average,fastANI,13
C13F5_hifiasm_r63_semibin2_6.fa.gz,13_1,0.020000000000000018,average,fastANI,13
C13F5_subsampled_20Gb_Hybrid_bin.57.fa.gz,13_1,0.020000000000000018,average,fastANI,13
C13F5_subsampled_20Gb_bin.12.fa.gz,13_1,0.020000000000000018,average,fastANI,13
C13F5_subsampled_40Gb_bin.8.fa.gz,13_1,0.020000000000000018,average,fastANI,13
C04M3_hifiasm_r63_semibin2_20.fa.gz,14_1,0.020000000000000018,average,fastANI,14
C04M3_subsampled_20Gb_Hybrid_bin.34.fa.gz,14_1,0.020000000000000018,average,fastANI,14
C04M3_subsampled_20Gb_bin.50.fa.gz,14_1,0.020000000000000018,average,fastANI,14
C04M3_subsampled_40Gb_bin.33.fa.gz,14_1,0.020000000000000018,average,fastANI,14
C13F5_hifiasm_r63_metabat2.19.fa.gz,14_1,0.020000000000000018,average,fastANI,14
C13F5_subsampled_20Gb_Hybrid_bin.76.fa.gz,14_1,0.020000000000000018,average,fastANI,14
C13F5_subsampled_20Gb_bin.58.fa.gz,14_1,0.020000000000000018,average,fastANI,14
C13F5_subsampled_40Gb_bin.73.fa.gz,14_1,0.020000000000000018,average,fastANI,14
C04M3_subsampled_40Gb_bin.6.fa.gz,15_1,0.020000000000000018,average,fastANI,15
C13F5_hifiasm_r63_semibin2_19.fa.gz,15_1,0.020000000000000018,average,fastANI,15
C13F5_subsampled_20Gb_Hybrid_bin.56.fa.gz,15_1,0.020000000000000018,average,fastANI,15
C13F5_subsampled_20Gb_bin.49.fa.gz,15_1,0.020000000000000018,average,fastANI,15
C13F5_subsampled_40Gb_bin.50.fa.gz,15_1,0.020000000000000018,average,fastANI,15
C04M3_subsampled_20Gb_Hybrid_bin.19.fa.gz,16_1,0.020000000000000018,average,fastANI,16
C04M3_subsampled_40Gb_bin.7.fa.gz,16_1,0.020000000000000018,average,fastANI,16
C13F5_subsampled_20Gb_Hybrid_bin.6.fa.gz,16_1,0.020000000000000018,average,fastANI,16
C04M3_hifiasm_r63_semibin2_3.fa.gz,17_1,0.020000000000000018,average,fastANI,17
C04M3_subsampled_20Gb_Hybrid_bin.52.fa.gz,17_1,0.020000000000000018,average,fastANI,17
C04M3_subsampled_20Gb_bin.7.fa.gz,17_1,0.020000000000000018,average,fastANI,17
C04M3_subsampled_40Gb_bin.62.fa.gz,17_1,0.020000000000000018,average,fastANI,17
C13F5_subsampled_20Gb_Hybrid_bin.30.fa.gz,17_1,0.020000000000000018,average,fastANI,17
C13F5_subsampled_20Gb_bin.18.fa.gz,17_1,0.020000000000000018,average,fastANI,17
C13F5_subsampled_40Gb_bin.79.fa.gz,17_1,0.020000000000000018,average,fastANI,17
C04M3_hifiasm_r63_semibin2_16.fa.gz,18_1,0.020000000000000018,average,fastANI,18
C04M3_subsampled_20Gb_Hybrid_bin.22.fa.gz,18_1,0.020000000000000018,average,fastANI,18
C04M3_subsampled_20Gb_bin.34.fa.gz,18_1,0.020000000000000018,average,fastANI,18
C04M3_subsampled_40Gb_bin.86.fa.gz,18_1,0.020000000000000018,average,fastANI,18
C13F5_hifiasm_r63_semibin2_36.fa.gz,18_1,0.020000000000000018,average,fastANI,18
C13F5_subsampled_20Gb_Hybrid_bin.48.fa.gz,18_1,0.020000000000000018,average,fastANI,18
C13F5_subsampled_20Gb_bin.57.fa.gz,18_1,0.020000000000000018,average,fastANI,18
C13F5_subsampled_40Gb_bin.67.fa.gz,18_1,0.020000000000000018,average,fastANI,18
C04M3_subsampled_20Gb_Hybrid_bin.66.fa.gz,19_1,0.020000000000000018,average,fastANI,19
C04M3_subsampled_20Gb_bin.29.fa.gz,19_1,0.020000000000000018,average,fastANI,19
C04M3_subsampled_40Gb_bin.54.fa.gz,19_1,0.020000000000000018,average,fastANI,19
C13F5_hifiasm_r63_metabat2.61.fa.gz,19_1,0.020000000000000018,average,fastANI,19
C13F5_subsampled_20Gb_Hybrid_bin.55.fa.gz,19_1,0.020000000000000018,average,fastANI,19
C13F5_subsampled_20Gb_bin.43.fa.gz,19_1,0.020000000000000018,average,fastANI,19
C13F5_subsampled_40Gb_bin.5.fa.gz,19_1,0.020000000000000018,average,fastANI,19
C13F5_subsampled_20Gb_Hybrid_bin.34.fa.gz,20_1,0.020000000000000018,average,fastANI,20
C13F5_subsampled_20Gb_bin.3.fa.gz,20_1,0.020000000000000018,average,fastANI,20
C13F5_subsampled_40Gb_bin.39.fa.gz,20_1,0.020000000000000018,average,fastANI,20
C04M3_hifiasm_r63_complete.5.fa.gz,21_1,0.020000000000000018,average,fastANI,21
C04M3_subsampled_20Gb_Hybrid_bin.37.fa.gz,21_1,0.020000000000000018,average,fastANI,21
C04M3_subsampled_20Gb_bin.12.fa.gz,21_1,0.020000000000000018,average,fastANI,21
C04M3_subsampled_40Gb_bin.56.fa.gz,21_1,0.020000000000000018,average,fastANI,21
C13F5_hifiasm_r63_semibin2_7.fa.gz,21_1,0.020000000000000018,average,fastANI,21
C13F5_subsampled_20Gb_Hybrid_bin.32.fa.gz,21_1,0.020000000000000018,average,fastANI,21
C13F5_subsampled_20Gb_bin.24.fa.gz,21_1,0.020000000000000018,average,fastANI,21
C13F5_subsampled_40Gb_bin.21.fa.gz,21_1,0.020000000000000018,average,fastANI,21
C04M3_subsampled_20Gb_Hybrid_bin.32.fa.gz,22_1,0.020000000000000018,average,fastANI,22
C04M3_subsampled_20Gb_bin.15.fa.gz,22_1,0.020000000000000018,average,fastANI,22
C04M3_subsampled_40Gb_bin.24.fa.gz,22_1,0.020000000000000018,average,fastANI,22
C13F5_hifiasm_r63_metabat2.208.fa.gz,22_1,0.020000000000000018,average,fastANI,22
C13F5_subsampled_20Gb_Hybrid_bin.68.fa.gz,22_1,0.020000000000000018,average,fastANI,22
C13F5_subsampled_20Gb_bin.35.fa.gz,22_1,0.020000000000000018,average,fastANI,22
C13F5_subsampled_40Gb_bin.52.fa.gz,22_1,0.020000000000000018,average,fastANI,22
C04M3_hifiasm_r63_semibin2_19.fa.gz,23_1,0.020000000000000018,average,fastANI,23
C04M3_subsampled_20Gb_Hybrid_bin.45.fa.gz,23_1,0.020000000000000018,average,fastANI,23
C04M3_subsampled_20Gb_bin.32.fa.gz,23_1,0.020000000000000018,average,fastANI,23
C04M3_subsampled_40Gb_bin.55.fa.gz,23_1,0.020000000000000018,average,fastANI,23
C13F5_subsampled_20Gb_Hybrid_bin.21.fa.gz,23_1,0.020000000000000018,average,fastANI,23
C13F5_subsampled_20Gb_bin.53.fa.gz,23_1,0.020000000000000018,average,fastANI,23
C13F5_subsampled_40Gb_bin.25.fa.gz,23_1,0.020000000000000018,average,fastANI,23
C04M3_hifiasm_r63_semibin2_26.fa.gz,24_1,0.020000000000000018,average,fastANI,24
C04M3_subsampled_20Gb_Hybrid_bin.74.fa.gz,24_1,0.020000000000000018,average,fastANI,24
C04M3_subsampled_20Gb_bin.36.fa.gz,24_1,0.020000000000000018,average,fastANI,24
C04M3_subsampled_40Gb_bin.108.fa.gz,24_1,0.020000000000000018,average,fastANI,24
C13F5_hifiasm_r63_semibin2_10.fa.gz,24_1,0.020000000000000018,average,fastANI,24
C13F5_subsampled_20Gb_Hybrid_bin.69.fa.gz,24_1,0.020000000000000018,average,fastANI,24
C13F5_subsampled_20Gb_bin.14.fa.gz,24_1,0.020000000000000018,average,fastANI,24
C13F5_subsampled_40Gb_bin.38.fa.gz,24_1,0.020000000000000018,average,fastANI,24
C04M3_subsampled_20Gb_Hybrid_bin.27.fa.gz,25_1,0.020000000000000018,average,fastANI,25
C04M3_subsampled_20Gb_bin.62.fa.gz,25_1,0.020000000000000018,average,fastANI,25
C04M3_subsampled_40Gb_bin.13.fa.gz,25_1,0.020000000000000018,average,fastANI,25
C13F5_hifiasm_r63_metabat2.100.fa.gz,25_1,0.020000000000000018,average,fastANI,25
C13F5_subsampled_20Gb_Hybrid_bin.62.fa.gz,25_1,0.020000000000000018,average,fastANI,25
C13F5_subsampled_20Gb_bin.65.fa.gz,25_1,0.020000000000000018,average,fastANI,25
C13F5_subsampled_40Gb_bin.19.fa.gz,25_1,0.020000000000000018,average,fastANI,25
C04M3_hifiasm_r63_semibin2_12.fa.gz,26_1,0.020000000000000018,average,fastANI,26
C04M3_subsampled_20Gb_Hybrid_bin.17.fa.gz,26_1,0.020000000000000018,average,fastANI,26
C04M3_subsampled_20Gb_bin.53.fa.gz,26_1,0.020000000000000018,average,fastANI,26
C04M3_subsampled_40Gb_bin.39.fa.gz,26_1,0.020000000000000018,average,fastANI,26
C13F5_hifiasm_r63_semibin2_13.fa.gz,26_1,0.020000000000000018,average,fastANI,26
C13F5_subsampled_20Gb_Hybrid_bin.29.fa.gz,26_1,0.020000000000000018,average,fastANI,26
C13F5_subsampled_20Gb_bin.47.fa.gz,26_1,0.020000000000000018,average,fastANI,26
C13F5_subsampled_40Gb_bin.56.fa.gz,26_1,0.020000000000000018,average,fastANI,26
C04M3_subsampled_20Gb_Hybrid_bin.85.fa.gz,27_1,0.020000000000000018,average,fastANI,27
C04M3_subsampled_40Gb_bin.96.fa.gz,27_1,0.020000000000000018,average,fastANI,27
C13F5_subsampled_20Gb_Hybrid_bin.61.fa.gz,27_1,0.020000000000000018,average,fastANI,27
C13F5_subsampled_40Gb_bin.80.fa.gz,27_1,0.020000000000000018,average,fastANI,27
C04M3_hifiasm_r63_complete.40.fa.gz,28_1,0.020000000000000018,average,fastANI,28
C04M3_subsampled_20Gb_Hybrid_bin.87.fa.gz,28_1,0.020000000000000018,average,fastANI,28
C04M3_subsampled_20Gb_bin.44.fa.gz,28_1,0.020000000000000018,average,fastANI,28
C04M3_subsampled_40Gb_bin.69.fa.gz,28_1,0.020000000000000018,average,fastANI,28
C04M3_hifiasm_r63_metabat2.104.fa.gz,29_1,0.020000000000000018,average,fastANI,29
C04M3_subsampled_20Gb_Hybrid_bin.29.fa.gz,29_1,0.020000000000000018,average,fastANI,29
C04M3_subsampled_20Gb_bin.72.fa.gz,29_1,0.020000000000000018,average,fastANI,29
C04M3_subsampled_40Gb_bin.3.fa.gz,29_1,0.020000000000000018,average,fastANI,29
C04M3_hifiasm_r63_semibin2_0.fa.gz,30_1,0.020000000000000018,average,fastANI,30
C04M3_subsampled_20Gb_Hybrid_bin.60.fa.gz,30_1,0.020000000000000018,average,fastANI,30
C04M3_subsampled_20Gb_bin.19.fa.gz,30_1,0.020000000000000018,average,fastANI,30
C04M3_subsampled_40Gb_bin.80.fa.gz,30_1,0.020000000000000018,average,fastANI,30
C04M3_subsampled_20Gb_Hybrid_bin.61.fa.gz,31_1,0.020000000000000018,average,fastANI,31
C04M3_subsampled_40Gb_bin.68.fa.gz,31_1,0.020000000000000018,average,fastANI,31
C13F5_subsampled_20Gb_Hybrid_bin.43.fa.gz,31_1,0.020000000000000018,average,fastANI,31
C13F5_subsampled_20Gb_Hybrid_bin.24.fa.gz,32_1,0.020000000000000018,average,fastANI,32
C13F5_subsampled_40Gb_bin.37.fa.gz,32_1,0.020000000000000018,average,fastANI,32
C04M3_subsampled_40Gb_bin.99.fa.gz,32_2,0.020000000000000018,average,fastANI,32
C04M3_subsampled_20Gb_Hybrid_bin.40.fa.gz,33_1,0.020000000000000018,average,fastANI,33
C04M3_subsampled_20Gb_bin.63.fa.gz,33_1,0.020000000000000018,average,fastANI,33
C04M3_subsampled_40Gb_bin.107.fa.gz,33_1,0.020000000000000018,average,fastANI,33
C13F5_subsampled_20Gb_Hybrid_bin.50.fa.gz,33_1,0.020000000000000018,average,fastANI,33
C13F5_subsampled_20Gb_bin.28.fa.gz,33_1,0.020000000000000018,average,fastANI,33
C13F5_subsampled_40Gb_bin.28.fa.gz,33_1,0.020000000000000018,average,fastANI,33
C13F5_hifiasm_r63_semibin2_26.fa.gz,34_1,0.020000000000000018,average,fastANI,34
C13F5_subsampled_40Gb_bin.53.fa.gz,34_1,0.020000000000000018,average,fastANI,34
C04M3_hifiasm_r63_semibin2_13.fa.gz,35_1,0.020000000000000018,average,fastANI,35
C04M3_subsampled_20Gb_Hybrid_bin.57.fa.gz,35_1,0.020000000000000018,average,fastANI,35
C04M3_subsampled_20Gb_bin.54.fa.gz,35_1,0.020000000000000018,average,fastANI,35
C04M3_subsampled_40Gb_bin.20.fa.gz,35_1,0.020000000000000018,average,fastANI,35
C13F5_subsampled_40Gb_bin.15.fa.gz,35_2,0.020000000000000018,average,fastANI,35
C04M3_subsampled_40Gb_bin.64.fa.gz,36_0,0.020000000000000018,average,fastANI,36
C04M3_subsampled_20Gb_Hybrid_bin.63.fa.gz,37_1,0.020000000000000018,average,fastANI,37
C04M3_subsampled_40Gb_bin.101.fa.gz,37_1,0.020000000000000018,average,fastANI,37
C13F5_subsampled_40Gb_bin.48.fa.gz,38_0,0.020000000000000018,average,fastANI,38
C04M3_subsampled_20Gb_bin.49.fa.gz,39_1,0.020000000000000018,average,fastANI,39
C04M3_subsampled_40Gb_bin.40.fa.gz,39_1,0.020000000000000018,average,fastANI,39
C13F5_subsampled_40Gb_bin.77.fa.gz,39_2,0.020000000000000018,average,fastANI,39
C04M3_subsampled_20Gb_Hybrid_bin.50.fa.gz,40_1,0.020000000000000018,average,fastANI,40
C04M3_subsampled_40Gb_bin.30.fa.gz,40_1,0.020000000000000018,average,fastANI,40
C04M3_hifiasm_r63_complete.76.fa.gz,41_1,0.020000000000000018,average,fastANI,41
C04M3_subsampled_20Gb_Hybrid_bin.1.fa.gz,41_1,0.020000000000000018,average,fastANI,41
C04M3_subsampled_20Gb_bin.48.fa.gz,41_1,0.020000000000000018,average,fastANI,41
C04M3_subsampled_40Gb_bin.41.fa.gz,41_1,0.020000000000000018,average,fastANI,41
C04M3_subsampled_40Gb_bin.47.fa.gz,42_0,0.020000000000000018,average,fastANI,42
C04M3_subsampled_20Gb_Hybrid_bin.35.fa.gz,43_1,0.020000000000000018,average,fastANI,43
C04M3_subsampled_20Gb_bin.52.fa.gz,43_1,0.020000000000000018,average,fastANI,43
C04M3_subsampled_40Gb_bin.106.fa.gz,43_1,0.020000000000000018,average,fastANI,43
C13F5_hifiasm_r63_metabat2.178.fa.gz,43_1,0.020000000000000018,average,fastANI,43
C13F5_subsampled_20Gb_Hybrid_bin.19.fa.gz,43_1,0.020000000000000018,average,fastANI,43
C13F5_subsampled_20Gb_bin.30.fa.gz,43_1,0.020000000000000018,average,fastANI,43
C13F5_subsampled_40Gb_bin.49.fa.gz,43_1,0.020000000000000018,average,fastANI,43
C04M3_subsampled_20Gb_Hybrid_bin.68.fa.gz,44_1,0.020000000000000018,average,fastANI,44
C04M3_subsampled_20Gb_bin.14.fa.gz,44_1,0.020000000000000018,average,fastANI,44
C04M3_subsampled_40Gb_bin.57.fa.gz,44_1,0.020000000000000018,average,fastANI,44
C13F5_hifiasm_r63_metabat2.29.fa.gz,44_1,0.020000000000000018,average,fastANI,44
C13F5_subsampled_20Gb_Hybrid_bin.53.fa.gz,44_1,0.020000000000000018,average,fastANI,44
C13F5_subsampled_20Gb_bin.27.fa.gz,44_1,0.020000000000000018,average,fastANI,44
C13F5_subsampled_40Gb_bin.33.fa.gz,44_1,0.020000000000000018,average,fastANI,44
C04M3_hifiasm_r63_semibin2_28.fa.gz,45_1,0.020000000000000018,average,fastANI,45
C04M3_subsampled_20Gb_Hybrid_bin.53.fa.gz,45_1,0.020000000000000018,average,fastANI,45
C04M3_subsampled_20Gb_bin.10.fa.gz,45_1,0.020000000000000018,average,fastANI,45
C04M3_subsampled_40Gb_bin.38.fa.gz,45_1,0.020000000000000018,average,fastANI,45
C13F5_hifiasm_r63_metabat2.81.fa.gz,45_1,0.020000000000000018,average,fastANI,45
C13F5_subsampled_20Gb_Hybrid_bin.18.fa.gz,45_1,0.020000000000000018,average,fastANI,45
C13F5_subsampled_20Gb_bin.29.fa.gz,45_1,0.020000000000000018,average,fastANI,45
C13F5_subsampled_40Gb_bin.10.fa.gz,45_1,0.020000000000000018,average,fastANI,45
C04M3_hifiasm_r63_complete.49.fa.gz,46_1,0.020000000000000018,average,fastANI,46
C04M3_subsampled_20Gb_Hybrid_bin.24.fa.gz,46_1,0.020000000000000018,average,fastANI,46
C04M3_subsampled_20Gb_bin.65.fa.gz,46_1,0.020000000000000018,average,fastANI,46
C04M3_subsampled_40Gb_bin.34.fa.gz,46_1,0.020000000000000018,average,fastANI,46
C13F5_hifiasm_r63_metabat2.55.fa.gz,46_1,0.020000000000000018,average,fastANI,46
C13F5_subsampled_20Gb_Hybrid_bin.37.fa.gz,46_1,0.020000000000000018,average,fastANI,46
C13F5_subsampled_20Gb_bin.45.fa.gz,46_1,0.020000000000000018,average,fastANI,46
C13F5_subsampled_40Gb_bin.11.fa.gz,46_1,0.020000000000000018,average,fastANI,46
C04M3_subsampled_20Gb_Hybrid_bin.13.fa.gz,47_1,0.020000000000000018,average,fastANI,47
C04M3_subsampled_20Gb_bin.66.fa.gz,47_1,0.020000000000000018,average,fastANI,47
C04M3_subsampled_40Gb_bin.23.fa.gz,47_1,0.020000000000000018,average,fastANI,47
C13F5_hifiasm_r63_semibin2_47.fa.gz,47_1,0.020000000000000018,average,fastANI,47
C13F5_subsampled_20Gb_Hybrid_bin.31.fa.gz,47_1,0.020000000000000018,average,fastANI,47
C13F5_subsampled_20Gb_bin.40.fa.gz,47_1,0.020000000000000018,average,fastANI,47
C13F5_subsampled_40Gb_bin.13.fa.gz,47_1,0.020000000000000018,average,fastANI,47
C04M3_hifiasm_r63_semibin2_14.fa.gz,48_1,0.020000000000000018,average,fastANI,48
C04M3_subsampled_20Gb_Hybrid_bin.25.fa.gz,48_1,0.020000000000000018,average,fastANI,48
C04M3_subsampled_20Gb_bin.70.fa.gz,48_1,0.020000000000000018,average,fastANI,48
C04M3_subsampled_40Gb_bin.85.fa.gz,48_1,0.020000000000000018,average,fastANI,48
C13F5_hifiasm_r63_semibin2_11.fa.gz,48_1,0.020000000000000018,average,fastANI,48
C13F5_subsampled_20Gb_Hybrid_bin.64.fa.gz,48_1,0.020000000000000018,average,fastANI,48
C13F5_subsampled_20Gb_bin.38.fa.gz,48_1,0.020000000000000018,average,fastANI,48
C13F5_subsampled_40Gb_bin.47.fa.gz,48_1,0.020000000000000018,average,fastANI,48
C04M3_subsampled_40Gb_bin.43.fa.gz,49_0,0.020000000000000018,average,fastANI,49
C04M3_subsampled_20Gb_Hybrid_bin.39.fa.gz,50_1,0.020000000000000018,average,fastANI,50
C04M3_subsampled_40Gb_bin.2.fa.gz,50_1,0.020000000000000018,average,fastANI,50
C04M3_subsampled_40Gb_bin.32.fa.gz,51_1,0.020000000000000018,average,fastANI,51
C13F5_hifiasm_r63_metabat2.90.fa.gz,51_1,0.020000000000000018,average,fastANI,51
C13F5_subsampled_20Gb_Hybrid_bin.72.fa.gz,51_1,0.020000000000000018,average,fastANI,51
C13F5_subsampled_20Gb_bin.25.fa.gz,51_1,0.020000000000000018,average,fastANI,51
C13F5_subsampled_40Gb_bin.9.fa.gz,51_1,0.020000000000000018,average,fastANI,51
C04M3_subsampled_20Gb_Hybrid_bin.58.fa.gz,52_1,0.020000000000000018,average,fastANI,52
C04M3_subsampled_20Gb_bin.23.fa.gz,52_1,0.020000000000000018,average,fastANI,52
C04M3_subsampled_40Gb_bin.21.fa.gz,52_1,0.020000000000000018,average,fastANI,52
C13F5_subsampled_20Gb_Hybrid_bin.27.fa.gz,52_1,0.020000000000000018,average,fastANI,52
C13F5_subsampled_20Gb_bin.63.fa.gz,52_1,0.020000000000000018,average,fastANI,52
C13F5_subsampled_40Gb_bin.24.fa.gz,52_1,0.020000000000000018,average,fastANI,52
C04M3_subsampled_20Gb_Hybrid_bin.26.fa.gz,53_1,0.020000000000000018,average,fastANI,53
C04M3_subsampled_20Gb_bin.24.fa.gz,53_1,0.020000000000000018,average,fastANI,53
C04M3_subsampled_40Gb_bin.83.fa.gz,53_1,0.020000000000000018,average,fastANI,53
C13F5_subsampled_20Gb_Hybrid_bin.40.fa.gz,53_1,0.020000000000000018,average,fastANI,53
C13F5_subsampled_40Gb_bin.4.fa.gz,53_1,0.020000000000000018,average,fastANI,53
C04M3_hifiasm_r63_semibin2_22.fa.gz,54_1,0.020000000000000018,average,fastANI,54
C04M3_subsampled_20Gb_Hybrid_bin.3.fa.gz,54_1,0.020000000000000018,average,fastANI,54
C04M3_subsampled_20Gb_bin.60.fa.gz,54_1,0.020000000000000018,average,fastANI,54
C04M3_subsampled_40Gb_bin.18.fa.gz,54_1,0.020000000000000018,average,fastANI,54
C13F5_subsampled_20Gb_Hybrid_bin.5.fa.gz,54_1,0.020000000000000018,average,fastANI,54
C13F5_subsampled_20Gb_bin.62.fa.gz,54_1,0.020000000000000018,average,fastANI,54
C13F5_subsampled_40Gb_bin.46.fa.gz,54_1,0.020000000000000018,average,fastANI,54
C04M3_subsampled_20Gb_Hybrid_bin.83.fa.gz,55_1,0.020000000000000018,average,fastANI,55
C04M3_subsampled_20Gb_bin.68.fa.gz,55_1,0.020000000000000018,average,fastANI,55
C04M3_subsampled_40Gb_bin.75.fa.gz,55_1,0.020000000000000018,average,fastANI,55
C13F5_hifiasm_r63_metabat2.105.fa.gz,55_1,0.020000000000000018,average,fastANI,55
C13F5_subsampled_20Gb_Hybrid_bin.63.fa.gz,55_1,0.020000000000000018,average,fastANI,55
C13F5_subsampled_20Gb_bin.36.fa.gz,55_1,0.020000000000000018,average,fastANI,55
C13F5_subsampled_40Gb_bin.22.fa.gz,55_1,0.020000000000000018,average,fastANI,55
C04M3_subsampled_20Gb_Hybrid_bin.4.fa.gz,56_1,0.020000000000000018,average,fastANI,56
C04M3_subsampled_20Gb_bin.6.fa.gz,56_1,0.020000000000000018,average,fastANI,56
C04M3_subsampled_40Gb_bin.31.fa.gz,56_1,0.020000000000000018,average,fastANI,56
C04M3_subsampled_20Gb_Hybrid_bin.5.fa.gz,57_1,0.020000000000000018,average,fastANI,57
C04M3_subsampled_20Gb_bin.22.fa.gz,57_1,0.020000000000000018,average,fastANI,57
C04M3_subsampled_40Gb_bin.52.fa.gz,57_1,0.020000000000000018,average,fastANI,57
C13F5_subsampled_20Gb_Hybrid_bin.44.fa.gz,57_1,0.020000000000000018,average,fastANI,57
C13F5_subsampled_20Gb_bin.19.fa.gz,57_1,0.020000000000000018,average,fastANI,57
C13F5_subsampled_40Gb_bin.32.fa.gz,57_1,0.020000000000000018,average,fastANI,57
C13F5_subsampled_20Gb_Hybrid_bin.82.fa.gz,58_1,0.020000000000000018,average,fastANI,58
C13F5_subsampled_20Gb_bin.13.fa.gz,58_1,0.020000000000000018,average,fastANI,58
C13F5_subsampled_40Gb_bin.60.fa.gz,58_1,0.020000000000000018,average,fastANI,58
C04M3_subsampled_20Gb_Hybrid_bin.10.fa.gz,59_1,0.020000000000000018,average,fastANI,59
C04M3_subsampled_40Gb_bin.93.fa.gz,59_1,0.020000000000000018,average,fastANI,59
C04M3_hifiasm_r63_semibin2_42.fa.gz,60_1,0.020000000000000018,average,fastANI,60
C04M3_subsampled_20Gb_Hybrid_bin.30.fa.gz,60_1,0.020000000000000018,average,fastANI,60
C04M3_subsampled_20Gb_bin.73.fa.gz,60_1,0.020000000000000018,average,fastANI,60
C04M3_subsampled_40Gb_bin.4.fa.gz,60_1,0.020000000000000018,average,fastANI,60
C13F5_subsampled_20Gb_Hybrid_bin.8.fa.gz,60_1,0.020000000000000018,average,fastANI,60
C13F5_subsampled_20Gb_bin.10.fa.gz,60_1,0.020000000000000018,average,fastANI,60
C13F5_subsampled_40Gb_bin.82.fa.gz,60_1,0.020000000000000018,average,fastANI,60
C04M3_hifiasm_r63_semibin2_33.fa.gz,61_1,0.020000000000000018,average,fastANI,61
C04M3_subsampled_20Gb_Hybrid_bin.2.fa.gz,61_1,0.020000000000000018,average,fastANI,61
C04M3_subsampled_20Gb_bin.20.fa.gz,61_1,0.020000000000000018,average,fastANI,61
C04M3_subsampled_40Gb_bin.17.fa.gz,61_1,0.020000000000000018,average,fastANI,61
C04M3_hifiasm_r63_semibin2_27.fa.gz,62_1,0.020000000000000018,average,fastANI,62
C04M3_subsampled_20Gb_Hybrid_bin.8.fa.gz,62_1,0.020000000000000018,average,fastANI,62
C04M3_subsampled_20Gb_bin.26.fa.gz,62_1,0.020000000000000018,average,fastANI,62
C04M3_subsampled_40Gb_bin.8.fa.gz,62_1,0.020000000000000018,average,fastANI,62
C04M3_hifiasm_r63_metabat2.196.fa.gz,63_1,0.020000000000000018,average,fastANI,63
C04M3_subsampled_20Gb_Hybrid_bin.81.fa.gz,63_1,0.020000000000000018,average,fastANI,63
C04M3_subsampled_20Gb_bin.4.fa.gz,63_1,0.020000000000000018,average,fastANI,63
C04M3_subsampled_40Gb_bin.63.fa.gz,63_1,0.020000000000000018,average,fastANI,63
C04M3_hifiasm_r63_metabat2.158.fa.gz,64_1,0.020000000000000018,average,fastANI,64
C04M3_subsampled_20Gb_Hybrid_bin.84.fa.gz,64_1,0.020000000000000018,average,fastANI,64
C04M3_subsampled_20Gb_bin.42.fa.gz,64_1,0.020000000000000018,average,fastANI,64
C04M3_subsampled_40Gb_bin.29.fa.gz,64_1,0.020000000000000018,average,fastANI,64
C13F5_subsampled_20Gb_Hybrid_bin.23.fa.gz,64_1,0.020000000000000018,average,fastANI,64
C13F5_subsampled_20Gb_bin.22.fa.gz,64_1,0.020000000000000018,average,fastANI,64
C13F5_subsampled_40Gb_bin.68.fa.gz,64_1,0.020000000000000018,average,fastANI,64
C13F5_hifiasm_r63_metabat2.70.fa.gz,65_1,0.020000000000000018,average,fastANI,65
C13F5_subsampled_20Gb_Hybrid_bin.80.fa.gz,65_1,0.020000000000000018,average,fastANI,65
C13F5_subsampled_40Gb_bin.36.fa.gz,65_1,0.020000000000000018,average,fastANI,65
C13F5_subsampled_20Gb_Hybrid_bin.22.fa.gz,66_1,0.020000000000000018,average,fastANI,66
C13F5_subsampled_40Gb_bin.54.fa.gz,66_1,0.020000000000000018,average,fastANI,66
C04M3_hifiasm_r63_metabat2.23.fa.gz,67_1,0.020000000000000018,average,fastANI,67
C04M3_subsampled_20Gb_Hybrid_bin.9.fa.gz,67_1,0.020000000000000018,average,fastANI,67
C04M3_subsampled_20Gb_bin.69.fa.gz,67_1,0.020000000000000018,average,fastANI,67
C04M3_subsampled_40Gb_bin.61.fa.gz,67_1,0.020000000000000018,average,fastANI,67
C04M3_subsampled_20Gb_Hybrid_bin.14.fa.gz,68_1,0.020000000000000018,average,fastANI,68
C04M3_subsampled_40Gb_bin.27.fa.gz,68_1,0.020000000000000018,average,fastANI,68
C13F5_hifiasm_r63_metabat2.150.fa.gz,68_1,0.020000000000000018,average,fastANI,68
C13F5_subsampled_20Gb_Hybrid_bin.45.fa.gz,68_1,0.020000000000000018,average,fastANI,68
C13F5_subsampled_40Gb_bin.66.fa.gz,68_1,0.020000000000000018,average,fastANI,68
C13F5_hifiasm_r63_semibin2_22_sub.fa.gz,69_1,0.020000000000000018,average,fastANI,69
C13F5_subsampled_20Gb_Hybrid_bin.42.fa.gz,69_1,0.020000000000000018,average,fastANI,69
C13F5_subsampled_20Gb_bin.33.fa.gz,69_1,0.020000000000000018,average,fastANI,69
C13F5_subsampled_40Gb_bin.74.fa.gz,69_1,0.020000000000000018,average,fastANI,69
C04M3_subsampled_20Gb_Hybrid_bin.86.fa.gz,70_1,0.020000000000000018,average,fastANI,70
C04M3_subsampled_40Gb_bin.94.fa.gz,70_1,0.020000000000000018,average,fastANI,70
C04M3_hifiasm_r63_semibin2_29.fa.gz,71_1,0.020000000000000018,average,fastANI,71
C04M3_subsampled_20Gb_Hybrid_bin.75.fa.gz,71_1,0.020000000000000018,average,fastANI,71
C04M3_subsampled_20Gb_bin.25.fa.gz,71_1,0.020000000000000018,average,fastANI,71
C04M3_subsampled_40Gb_bin.42.fa.gz,71_1,0.020000000000000018,average,fastANI,71
C13F5_hifiasm_r63_metabat2.126.fa.gz,71_1,0.020000000000000018,average,fastANI,71
C13F5_subsampled_20Gb_Hybrid_bin.26.fa.gz,71_1,0.020000000000000018,average,fastANI,71
C13F5_subsampled_20Gb_bin.31.fa.gz,71_1,0.020000000000000018,average,fastANI,71
C13F5_subsampled_40Gb_bin.69.fa.gz,71_1,0.020000000000000018,average,fastANI,71
C13F5_hifiasm_r63_metabat2.116.fa.gz,72_1,0.020000000000000018,average,fastANI,72
C13F5_subsampled_20Gb_Hybrid_bin.38.fa.gz,72_1,0.020000000000000018,average,fastANI,72
C13F5_subsampled_40Gb_bin.83.fa.gz,72_1,0.020000000000000018,average,fastANI,72
C04M3_subsampled_20Gb_Hybrid_bin.47.fa.gz,73_1,0.020000000000000018,average,fastANI,73
C04M3_subsampled_20Gb_bin.40.fa.gz,73_1,0.020000000000000018,average,fastANI,73
C04M3_subsampled_40Gb_bin.25.fa.gz,73_1,0.020000000000000018,average,fastANI,73
C04M3_hifiasm_r63_metabat2.148.fa.gz,74_1,0.020000000000000018,average,fastANI,74
C04M3_subsampled_20Gb_Hybrid_bin.18.fa.gz,74_1,0.020000000000000018,average,fastANI,74
C04M3_subsampled_20Gb_bin.8.fa.gz,74_1,0.020000000000000018,average,fastANI,74
C04M3_subsampled_40Gb_bin.19.fa.gz,74_1,0.020000000000000018,average,fastANI,74
C13F5_hifiasm_r63_semibin2_68.fa.gz,74_1,0.020000000000000018,average,fastANI,74
C13F5_subsampled_20Gb_Hybrid_bin.77.fa.gz,74_1,0.020000000000000018,average,fastANI,74
C13F5_subsampled_20Gb_bin.6.fa.gz,74_1,0.020000000000000018,average,fastANI,74
C13F5_subsampled_40Gb_bin.29.fa.gz,74_1,0.020000000000000018,average,fastANI,74
C04M3_subsampled_20Gb_Hybrid_bin.78.fa.gz,75_1,0.020000000000000018,average,fastANI,75
C04M3_subsampled_20Gb_bin.56.fa.gz,75_1,0.020000000000000018,average,fastANI,75
C04M3_subsampled_40Gb_bin.87.fa.gz,75_1,0.020000000000000018,average,fastANI,75
C13F5_hifiasm_r63_metabat2.120.fa.gz,75_1,0.020000000000000018,average,fastANI,75
C13F5_subsampled_20Gb_Hybrid_bin.70.fa.gz,75_1,0.020000000000000018,average,fastANI,75
C13F5_subsampled_20Gb_bin.9.fa.gz,75_1,0.020000000000000018,average,fastANI,75
C13F5_subsampled_40Gb_bin.17.fa.gz,75_1,0.020000000000000018,average,fastANI,75
C04M3_subsampled_40Gb_bin.15.fa.gz,76_0,0.020000000000000018,average,fastANI,76
C04M3_subsampled_20Gb_Hybrid_bin.38.fa.gz,77_1,0.020000000000000018,average,fastANI,77
C04M3_subsampled_20Gb_bin.43.fa.gz,77_1,0.020000000000000018,average,fastANI,77
C04M3_subsampled_40Gb_bin.11.fa.gz,77_1,0.020000000000000018,average,fastANI,77
C13F5_hifiasm_r63_semibin2_43.fa.gz,77_1,0.020000000000000018,average,fastANI,77
C13F5_subsampled_20Gb_Hybrid_bin.25.fa.gz,77_1,0.020000000000000018,average,fastANI,77
C13F5_subsampled_20Gb_bin.41.fa.gz,77_1,0.020000000000000018,average,fastANI,77
C13F5_subsampled_40Gb_bin.44.fa.gz,77_1,0.020000000000000018,average,fastANI,77
C04M3_hifiasm_r63_metabat2.127.fa.gz,78_1,0.020000000000000018,average,fastANI,78
C04M3_subsampled_20Gb_Hybrid_bin.44.fa.gz,78_1,0.020000000000000018,average,fastANI,78
C04M3_subsampled_20Gb_bin.31.fa.gz,78_1,0.020000000000000018,average,fastANI,78
C04M3_subsampled_40Gb_bin.59.fa.gz,78_1,0.020000000000000018,average,fastANI,78
C13F5_hifiasm_r63_metabat2.48.fa.gz,78_1,0.020000000000000018,average,fastANI,78
C13F5_subsampled_20Gb_Hybrid_bin.75.fa.gz,78_1,0.020000000000000018,average,fastANI,78
C13F5_subsampled_20Gb_bin.17.fa.gz,78_1,0.020000000000000018,average,fastANI,78
C13F5_subsampled_40Gb_bin.43.fa.gz,78_1,0.020000000000000018,average,fastANI,78
C04M3_hifiasm_r63_metabat2.102.fa.gz,79_1,0.020000000000000018,average,fastANI,79
C04M3_subsampled_20Gb_Hybrid_bin.64.fa.gz,79_1,0.020000000000000018,average,fastANI,79
C04M3_subsampled_20Gb_bin.57.fa.gz,79_1,0.020000000000000018,average,fastANI,79
C13F5_hifiasm_r63_metabat2.128.fa.gz,79_1,0.020000000000000018,average,fastANI,79
C13F5_subsampled_20Gb_Hybrid_bin.1.fa.gz,79_1,0.020000000000000018,average,fastANI,79
C13F5_subsampled_20Gb_bin.39.fa.gz,79_1,0.020000000000000018,average,fastANI,79
C13F5_subsampled_40Gb_bin.35.fa.gz,79_1,0.020000000000000018,average,fastANI,79
C04M3_hifiasm_r63_metabat2.62.fa.gz,80_1,0.020000000000000018,average,fastANI,80
C04M3_subsampled_20Gb_Hybrid_bin.72.fa.gz,80_1,0.020000000000000018,average,fastANI,80
C04M3_subsampled_20Gb_bin.47.fa.gz,80_1,0.020000000000000018,average,fastANI,80
C04M3_subsampled_40Gb_bin.65.fa.gz,80_1,0.020000000000000018,average,fastANI,80
C13F5_hifiasm_r63_metabat2.125.fa.gz,80_1,0.020000000000000018,average,fastANI,80
C13F5_subsampled_20Gb_Hybrid_bin.52.fa.gz,80_1,0.020000000000000018,average,fastANI,80
C13F5_subsampled_20Gb_bin.66.fa.gz,80_1,0.020000000000000018,average,fastANI,80
C13F5_subsampled_40Gb_bin.63.fa.gz,80_1,0.020000000000000018,average,fastANI,80
C04M3_subsampled_20Gb_Hybrid_bin.21.fa.gz,81_1,0.020000000000000018,average,fastANI,81
C04M3_subsampled_40Gb_bin.70.fa.gz,81_1,0.020000000000000018,average,fastANI,81
C13F5_hifiasm_r63_metabat2.98.fa.gz,81_1,0.020000000000000018,average,fastANI,81
C13F5_subsampled_20Gb_Hybrid_bin.78.fa.gz,81_1,0.020000000000000018,average,fastANI,81
C13F5_subsampled_20Gb_bin.67.fa.gz,81_1,0.020000000000000018,average,fastANI,81
C13F5_subsampled_40Gb_bin.71.fa.gz,81_1,0.020000000000000018,average,fastANI,81
C04M3_subsampled_20Gb_Hybrid_bin.41.fa.gz,82_1,0.020000000000000018,average,fastANI,82
C04M3_subsampled_20Gb_bin.2.fa.gz,82_1,0.020000000000000018,average,fastANI,82
C04M3_subsampled_40Gb_bin.72.fa.gz,82_1,0.020000000000000018,average,fastANI,82
C13F5_subsampled_20Gb_Hybrid_bin.7.fa.gz,82_1,0.020000000000000018,average,fastANI,82
C13F5_subsampled_20Gb_bin.23.fa.gz,82_1,0.020000000000000018,average,fastANI,82
C13F5_subsampled_40Gb_bin.62.fa.gz,82_1,0.020000000000000018,average,fastANI,82
C13F5_hifiasm_r63_semibin2_34.fa.gz,83_1,0.020000000000000018,average,fastANI,83
C13F5_subsampled_20Gb_Hybrid_bin.33.fa.gz,83_1,0.020000000000000018,average,fastANI,83
C13F5_subsampled_20Gb_bin.60.fa.gz,83_1,0.020000000000000018,average,fastANI,83
C13F5_subsampled_40Gb_bin.12.fa.gz,83_1,0.020000000000000018,average,fastANI,83
C04M3_hifiasm_r63_semibin2_17.fa.gz,84_1,0.020000000000000018,average,fastANI,84
C04M3_subsampled_20Gb_Hybrid_bin.48.fa.gz,84_1,0.020000000000000018,average,fastANI,84
C04M3_subsampled_20Gb_bin.61.fa.gz,84_1,0.020000000000000018,average,fastANI,84
C04M3_subsampled_40Gb_bin.73.fa.gz,84_1,0.020000000000000018,average,fastANI,84
C13F5_hifiasm_r63_metabat2.77.fa.gz,84_1,0.020000000000000018,average,fastANI,84
C13F5_subsampled_20Gb_Hybrid_bin.16.fa.gz,84_1,0.020000000000000018,average,fastANI,84
C13F5_subsampled_20Gb_bin.44.fa.gz,84_1,0.020000000000000018,average,fastANI,84
C13F5_subsampled_40Gb_bin.76.fa.gz,84_1,0.020000000000000018,average,fastANI,84
C13F5_hifiasm_r63_metabat2.91.fa.gz,85_1,0.020000000000000018,average,fastANI,85
C13F5_subsampled_20Gb_Hybrid_bin.81.fa.gz,85_1,0.020000000000000018,average,fastANI,85
C13F5_subsampled_20Gb_bin.21.fa.gz,85_1,0.020000000000000018,average,fastANI,85
C13F5_subsampled_40Gb_bin.57.fa.gz,85_1,0.020000000000000018,average,fastANI,85
C04M3_subsampled_20Gb_Hybrid_bin.56.fa.gz,86_1,0.020000000000000018,average,fastANI,86
C04M3_subsampled_40Gb_bin.79.fa.gz,86_1,0.020000000000000018,average,fastANI,86
C13F5_subsampled_20Gb_Hybrid_bin.10.fa.gz,86_1,0.020000000000000018,average,fastANI,86
C13F5_subsampled_40Gb_bin.30.fa.gz,86_1,0.020000000000000018,average,fastANI,86
C04M3_subsampled_20Gb_Hybrid_bin.31.fa.gz,87_1,0.020000000000000018,average,fastANI,87
C04M3_subsampled_20Gb_bin.5.fa.gz,87_1,0.020000000000000018,average,fastANI,87
C04M3_subsampled_40Gb_bin.74.fa.gz,87_1,0.020000000000000018,average,fastANI,87
C04M3_subsampled_20Gb_Hybrid_bin.80.fa.gz,88_1,0.020000000000000018,average,fastANI,88
C04M3_subsampled_20Gb_bin.30.fa.gz,88_1,0.020000000000000018,average,fastANI,88
C04M3_subsampled_40Gb_bin.81.fa.gz,88_1,0.020000000000000018,average,fastANI,88
C13F5_hifiasm_r63_semibin2_62.fa.gz,89_1,0.020000000000000018,average,fastANI,89
C13F5_subsampled_20Gb_Hybrid_bin.58.fa.gz,89_1,0.020000000000000018,average,fastANI,89
C13F5_subsampled_20Gb_bin.64.fa.gz,89_1,0.020000000000000018,average,fastANI,89
C13F5_subsampled_40Gb_bin.70.fa.gz,89_1,0.020000000000000018,average,fastANI,89
C04M3_hifiasm_r63_metabat2.78.fa.gz,90_1,0.020000000000000018,average,fastANI,90
C04M3_subsampled_20Gb_Hybrid_bin.15.fa.gz,90_1,0.020000000000000018,average,fastANI,90
C04M3_subsampled_20Gb_bin.67.fa.gz,90_1,0.020000000000000018,average,fastANI,90
C04M3_subsampled_40Gb_bin.60.fa.gz,90_1,0.020000000000000018,average,fastANI,90
C13F5_hifiasm_r63_metabat2.129.fa.gz,90_1,0.020000000000000018,average,fastANI,90
C13F5_subsampled_20Gb_Hybrid_bin.9.fa.gz,90_1,0.020000000000000018,average,fastANI,90
C13F5_subsampled_20Gb_bin.37.fa.gz,90_1,0.020000000000000018,average,fastANI,90
C13F5_subsampled_40Gb_bin.72.fa.gz,90_1,0.020000000000000018,average,fastANI,90
C04M3_subsampled_20Gb_Hybrid_bin.76.fa.gz,91_1,0.020000000000000018,average,fastANI,91
C04M3_subsampled_40Gb_bin.77.fa.gz,91_1,0.020000000000000018,average,fastANI,91
C13F5_hifiasm_r63_metabat2.92.fa.gz,92_1,0.020000000000000018,average,fastANI,92
C13F5_subsampled_20Gb_Hybrid_bin.35.fa.gz,92_1,0.020000000000000018,average,fastANI,92
C13F5_subsampled_20Gb_bin.34.fa.gz,92_1,0.020000000000000018,average,fastANI,92
C13F5_subsampled_40Gb_bin.45.fa.gz,92_1,0.020000000000000018,average,fastANI,92
C04M3_hifiasm_r63_semibin2_40.fa.gz,93_1,0.020000000000000018,average,fastANI,93
C04M3_subsampled_20Gb_Hybrid_bin.71.fa.gz,93_1,0.020000000000000018,average,fastANI,93
C04M3_subsampled_20Gb_bin.45.fa.gz,93_1,0.020000000000000018,average,fastANI,93
C04M3_subsampled_40Gb_bin.22.fa.gz,93_1,0.020000000000000018,average,fastANI,93
C04M3_hifiasm_r63_semibin2_25.fa.gz,94_1,0.020000000000000018,average,fastANI,94
C04M3_subsampled_40Gb_bin.103.fa.gz,94_1,0.020000000000000018,average,fastANI,94
C04M3_hifiasm_r63_semibin2_34.fa.gz,95_1,0.020000000000000018,average,fastANI,95
C04M3_subsampled_20Gb_Hybrid_bin.7.fa.gz,95_1,0.020000000000000018,average,fastANI,95
C04M3_subsampled_40Gb_bin.102.fa.gz,95_1,0.020000000000000018,average,fastANI,95
C13F5_hifiasm_r63_semibin2_25.fa.gz,95_1,0.020000000000000018,average,fastANI,95
C13F5_subsampled_20Gb_Hybrid_bin.73.fa.gz,95_1,0.020000000000000018,average,fastANI,95
C13F5_subsampled_20Gb_bin.8.fa.gz,95_1,0.020000000000000018,average,fastANI,95
C13F5_subsampled_40Gb_bin.2.fa.gz,95_1,0.020000000000000018,average,fastANI,95
C13F5_subsampled_20Gb_Hybrid_bin.83.fa.gz,96_1,0.020000000000000018,average,fastANI,96
C13F5_subsampled_40Gb_bin.27.fa.gz,96_1,0.020000000000000018,average,fastANI,96
C04M3_subsampled_40Gb_bin.26.fa.gz,96_2,0.020000000000000018,average,fastANI,96
C04M3_subsampled_20Gb_Hybrid_bin.46.fa.gz,97_1,0.020000000000000018,average,fastANI,97
C04M3_subsampled_20Gb_bin.59.fa.gz,97_1,0.020000000000000018,average,fastANI,97
C04M3_subsampled_40Gb_bin.48.fa.gz,97_1,0.020000000000000018,average,fastANI,97
C04M3_subsampled_20Gb_Hybrid_bin.6.fa.gz,98_1,0.020000000000000018,average,fastANI,98
C04M3_subsampled_40Gb_bin.51.fa.gz,98_1,0.020000000000000018,average,fastANI,98
C13F5_hifiasm_r63_metabat2.34.fa.gz,98_1,0.020000000000000018,average,fastANI,98
C13F5_subsampled_20Gb_Hybrid_bin.65.fa.gz,98_1,0.020000000000000018,average,fastANI,98
C13F5_subsampled_20Gb_bin.7.fa.gz,98_1,0.020000000000000018,average,fastANI,98
C13F5_subsampled_40Gb_bin.40.fa.gz,98_1,0.020000000000000018,average,fastANI,98
C13F5_hifiasm_r63_metabat2.47.fa.gz,99_1,0.020000000000000018,average,fastANI,99
C13F5_subsampled_20Gb_Hybrid_bin.20.fa.gz,99_1,0.020000000000000018,average,fastANI,99
C13F5_subsampled_20Gb_bin.46.fa.gz,99_1,0.020000000000000018,average,fastANI,99
C13F5_subsampled_40Gb_bin.51.fa.gz,99_1,0.020000000000000018,average,fastANI,99
C13F5_hifiasm_r63_metabat2.96.fa.gz,100_1,0.020000000000000018,average,fastANI,100
C13F5_subsampled_20Gb_Hybrid_bin.11.fa.gz,100_1,0.020000000000000018,average,fastANI,100
C13F5_subsampled_20Gb_bin.4.fa.gz,100_1,0.020000000000000018,average,fastANI,100
C13F5_subsampled_40Gb_bin.3.fa.gz,100_1,0.020000000000000018,average,fastANI,100
C04M3_hifiasm_r63_semibin2_10.fa.gz,101_1,0.020000000000000018,average,fastANI,101
C04M3_subsampled_20Gb_Hybrid_bin.42.fa.gz,101_1,0.020000000000000018,average,fastANI,101
C04M3_subsampled_20Gb_bin.64.fa.gz,101_1,0.020000000000000018,average,fastANI,101
C04M3_subsampled_40Gb_bin.28.fa.gz,101_1,0.020000000000000018,average,fastANI,101
C13F5_subsampled_20Gb_Hybrid_bin.41.fa.gz,101_2,0.020000000000000018,average,fastANI,101
C13F5_subsampled_20Gb_bin.48.fa.gz,101_2,0.020000000000000018,average,fastANI,101
C13F5_subsampled_40Gb_bin.65.fa.gz,101_2,0.020000000000000018,average,fastANI,101
C04M3_subsampled_40Gb_bin.82.fa.gz,102_1,0.020000000000000018,average,fastANI,102
C13F5_hifiasm_r63_metabat2.30.fa.gz,102_1,0.020000000000000018,average,fastANI,102
C13F5_subsampled_20Gb_Hybrid_bin.2.fa.gz,102_1,0.020000000000000018,average,fastANI,102
C13F5_subsampled_20Gb_bin.1.fa.gz,102_1,0.020000000000000018,average,fastANI,102
C13F5_subsampled_40Gb_bin.34.fa.gz,102_1,0.020000000000000018,average,fastANI,102
C04M3_subsampled_40Gb_bin.10.fa.gz,103_0,0.020000000000000018,average,fastANI,103
C04M3_subsampled_20Gb_Hybrid_bin.67.fa.gz,104_1,0.020000000000000018,average,fastANI,104
C04M3_subsampled_20Gb_bin.27.fa.gz,104_1,0.020000000000000018,average,fastANI,104
C04M3_subsampled_40Gb_bin.105.fa.gz,104_1,0.020000000000000018,average,fastANI,104
C13F5_hifiasm_r63_semibin2_31.fa.gz,104_1,0.020000000000000018,average,fastANI,104
C13F5_subsampled_20Gb_Hybrid_bin.54.fa.gz,104_1,0.020000000000000018,average,fastANI,104
C13F5_subsampled_20Gb_bin.56.fa.gz,104_1,0.020000000000000018,average,fastANI,104
C13F5_subsampled_40Gb_bin.81.fa.gz,104_1,0.020000000000000018,average,fastANI,104
C04M3_subsampled_20Gb_Hybrid_bin.36.fa.gz,105_1,0.020000000000000018,average,fastANI,105
C04M3_subsampled_40Gb_bin.104.fa.gz,105_1,0.020000000000000018,average,fastANI,105
C04M3_subsampled_20Gb_Hybrid_bin.23.fa.gz,106_1,0.020000000000000018,average,fastANI,106
C04M3_subsampled_20Gb_bin.28.fa.gz,106_1,0.020000000000000018,average,fastANI,106
C04M3_subsampled_40Gb_bin.46.fa.gz,106_1,0.020000000000000018,average,fastANI,106
C13F5_hifiasm_r63_semibin2_35.fa.gz,106_1,0.020000000000000018,average,fastANI,106
C13F5_subsampled_20Gb_Hybrid_bin.49.fa.gz,106_1,0.020000000000000018,average,fastANI,106
C13F5_subsampled_20Gb_bin.52.fa.gz,106_1,0.020000000000000018,average,fastANI,106
C13F5_subsampled_40Gb_bin.42.fa.gz,106_1,0.020000000000000018,average,fastANI,106
C04M3_hifiasm_r63_semibin2_31.fa.gz,107_1,0.020000000000000018,average,fastANI,107
C04M3_subsampled_20Gb_Hybrid_bin.28.fa.gz,107_1,0.020000000000000018,average,fastANI,107
C04M3_subsampled_20Gb_bin.58.fa.gz,107_1,0.020000000000000018,average,fastANI,107
C04M3_subsampled_40Gb_bin.89.fa.gz,107_1,0.020000000000000018,average,fastANI,107
C13F5_hifiasm_r63_semibin2_29.fa.gz,108_1,0.020000000000000018,average,fastANI,108
C13F5_subsampled_20Gb_Hybrid_bin.13.fa.gz,108_1,0.020000000000000018,average,fastANI,108
C04M3_hifiasm_r63_complete.52.fa.gz,109_1,0.020000000000000018,average,fastANI,109
C04M3_subsampled_20Gb_Hybrid_bin.51.fa.gz,109_1,0.020000000000000018,average,fastANI,109
C04M3_subsampled_20Gb_bin.33.fa.gz,109_1,0.020000000000000018,average,fastANI,109
C04M3_subsampled_40Gb_bin.92.fa.gz,109_1,0.020000000000000018,average,fastANI,109
C04M3_hifiasm_r63_metabat2.84_sub.fa.gz,110_1,0.020000000000000018,average,fastANI,110
C04M3_subsampled_40Gb_bin.66.fa.gz,110_1,0.020000000000000018,average,fastANI,110
C13F5_hifiasm_r63_semibin2_41.fa.gz,111_0,0.020000000000000018,average,fastANI,111
C04M3_hifiasm_r63_semibin2_41.fa.gz,112_0,0.020000000000000018,average,fastANI,112
C04M3_subsampled_20Gb_Hybrid_bin.49.fa.gz,113_1,0.020000000000000018,average,fastANI,113
C04M3_subsampled_20Gb_bin.35.fa.gz,113_1,0.020000000000000018,average,fastANI,113
C04M3_subsampled_40Gb_bin.12.fa.gz,113_1,0.020000000000000018,average,fastANI,113
C13F5_hifiasm_r63_complete.41.fa.gz,113_1,0.020000000000000018,average,fastANI,113
C13F5_subsampled_20Gb_Hybrid_bin.17.fa.gz,113_1,0.020000000000000018,average,fastANI,113
C13F5_subsampled_20Gb_bin.16.fa.gz,113_1,0.020000000000000018,average,fastANI,113
C13F5_subsampled_40Gb_bin.61.fa.gz,113_1,0.020000000000000018,average,fastANI,113
C04M3_hifiasm_r63_semibin2_39.fa.gz,114_1,0.020000000000000018,average,fastANI,114
C04M3_subsampled_20Gb_Hybrid_bin.59.fa.gz,114_1,0.020000000000000018,average,fastANI,114
C04M3_subsampled_20Gb_bin.9.fa.gz,114_1,0.020000000000000018,average,fastANI,114
C04M3_subsampled_40Gb_bin.9.fa.gz,114_1,0.020000000000000018,average,fastANI,114
C13F5_hifiasm_r63_complete.24.fa.gz,114_1,0.020000000000000018,average,fastANI,114
C13F5_subsampled_20Gb_Hybrid_bin.36.fa.gz,114_1,0.020000000000000018,average,fastANI,114
C13F5_subsampled_20Gb_bin.32.fa.gz,114_1,0.020000000000000018,average,fastANI,114
C13F5_subsampled_40Gb_bin.78.fa.gz,114_1,0.020000000000000018,average,fastANI,114
C13F5_hifiasm_r63_metabat2.151.fa.gz,115_1,0.020000000000000018,average,fastANI,115
C13F5_subsampled_20Gb_Hybrid_bin.12.fa.gz,115_1,0.020000000000000018,average,fastANI,115
C13F5_subsampled_20Gb_bin.54.fa.gz,115_1,0.020000000000000018,average,fastANI,115
C13F5_subsampled_40Gb_bin.58.fa.gz,115_1,0.020000000000000018,average,fastANI,115
C04M3_hifiasm_r63_complete.148.fa.gz,116_1,0.020000000000000018,average,fastANI,116
C04M3_subsampled_20Gb_Hybrid_bin.77.fa.gz,116_1,0.020000000000000018,average,fastANI,116
C04M3_subsampled_20Gb_bin.46.fa.gz,116_1,0.020000000000000018,average,fastANI,116
C04M3_subsampled_40Gb_bin.78.fa.gz,116_1,0.020000000000000018,average,fastANI,116
C13F5_hifiasm_r63_metabat2.113.fa.gz,116_1,0.020000000000000018,average,fastANI,116
C13F5_subsampled_20Gb_Hybrid_bin.15.fa.gz,116_1,0.020000000000000018,average,fastANI,116
C13F5_subsampled_40Gb_bin.14.fa.gz,116_1,0.020000000000000018,average,fastANI,116
C04M3_subsampled_20Gb_Hybrid_bin.54.fa.gz,117_1,0.020000000000000018,average,fastANI,117
C04M3_subsampled_20Gb_bin.39.fa.gz,117_1,0.020000000000000018,average,fastANI,117
C04M3_subsampled_40Gb_bin.50.fa.gz,117_1,0.020000000000000018,average,fastANI,117
C04M3_subsampled_20Gb_Hybrid_bin.11.fa.gz,118_1,0.020000000000000018,average,fastANI,118
C04M3_subsampled_20Gb_bin.16.fa.gz,118_1,0.020000000000000018,average,fastANI,118
C04M3_subsampled_40Gb_bin.95.fa.gz,118_1,0.020000000000000018,average,fastANI,118
C13F5_hifiasm_r63_complete.38.fa.gz,118_1,0.020000000000000018,average,fastANI,118
C13F5_subsampled_20Gb_Hybrid_bin.28.fa.gz,118_1,0.020000000000000018,average,fastANI,118
C13F5_subsampled_20Gb_bin.11.fa.gz,118_1,0.020000000000000018,average,fastANI,118
C13F5_subsampled_40Gb_bin.7.fa.gz,118_1,0.020000000000000018,average,fastANI,118
C04M3_hifiasm_r63_metabat2.183.fa.gz,119_1,0.020000000000000018,average,fastANI,119
C04M3_subsampled_20Gb_Hybrid_bin.20.fa.gz,119_1,0.020000000000000018,average,fastANI,119
C04M3_subsampled_20Gb_bin.11.fa.gz,119_1,0.020000000000000018,average,fastANI,119
C04M3_subsampled_40Gb_bin.37.fa.gz,119_1,0.020000000000000018,average,fastANI,119
C13F5_hifiasm_r63_complete.20.fa.gz,119_1,0.020000000000000018,average,fastANI,119
C13F5_subsampled_20Gb_Hybrid_bin.3.fa.gz,119_1,0.020000000000000018,average,fastANI,119
C13F5_subsampled_20Gb_bin.5.fa.gz,119_1,0.020000000000000018,average,fastANI,119
C13F5_subsampled_40Gb_bin.41.fa.gz,119_1,0.020000000000000018,average,fastANI,119
C04M3_hifiasm_r63_complete.11.fa.gz,120_1,0.020000000000000018,average,fastANI,120
C04M3_subsampled_20Gb_Hybrid_bin.89.fa.gz,120_1,0.020000000000000018,average,fastANI,120
C04M3_subsampled_20Gb_bin.51.fa.gz,120_1,0.020000000000000018,average,fastANI,120
C04M3_subsampled_40Gb_bin.67.fa.gz,120_1,0.020000000000000018,average,fastANI,120
C13F5_hifiasm_r63_complete.2.fa.gz,120_1,0.020000000000000018,average,fastANI,120
C13F5_hifiasm_r63_metabat2.138.fa.gz,120_1,0.020000000000000018,average,fastANI,120
C13F5_subsampled_20Gb_bin.59.fa.gz,120_1,0.020000000000000018,average,fastANI,120
C13F5_subsampled_40Gb_bin.16.fa.gz,120_1,0.020000000000000018,average,fastANI,120
